3pixeldeath,0.422848
hamlet,8.94265
finger,0.82728
hard-maze,2.04429
tobbaco,14.8974
