3pixeldeath,0.431264
hamlet,8.43989
finger,0.980502
hard-maze,2.42148
tobbaco,16.8969
