3pixeldeath,0.175703
hamlet,15.4219
finger,1.14751
tobbaco,21.9562
hard-maze,6.09884
